customer_id,site_id,year_month,usage_volume,bot_utilization,bot_performance,associate_performance,bot_uptime,upgrade_failures,support_sla,lack_of_rca,nps,churn_flag_next_6m
CUST_01,CUST_01_SITE_1,2025-01,8020.13,0.808,0.84,0.745,0.959,0,0.947,0,29.4,0
CUST_01,CUST_01_SITE_1,2025-02,7359.3,0.782,0.829,0.773,0.968,1,0.918,0,28.7,0
CUST_01,CUST_01_SITE_1,2025-03,8216.18,0.801,0.852,0.743,0.953,3,0.909,0,26.3,0
CUST_01,CUST_01_SITE_1,2025-04,7583.94,0.83,0.849,0.709,0.995,0,0.96,0,24.6,0
CUST_01,CUST_01_SITE_1,2025-05,7746.06,0.754,0.823,0.942,0.988,4,0.918,0,28.4,0
CUST_01,CUST_01_SITE_1,2025-06,7681.16,0.787,0.82,0.907,0.967,0,0.949,0,25.6,0
CUST_01,CUST_01_SITE_1,2025-07,7769.1,0.785,0.836,0.701,0.99,3,0.932,0,29.6,0
CUST_01,CUST_01_SITE_1,2025-08,7402.66,0.815,0.846,0.781,0.986,2,0.911,0,26.6,0
CUST_01,CUST_01_SITE_1,2025-09,7898.88,0.809,0.88,0.823,0.976,1,0.91,0,28.8,0
CUST_01,CUST_01_SITE_1,2025-10,7721.7,0.787,0.851,0.927,0.962,1,0.921,0,21.8,0
CUST_01,CUST_01_SITE_1,2025-11,7661.85,0.784,0.86,0.918,0.989,0,0.98,0,31.3,0
CUST_01,CUST_01_SITE_1,2025-12,7978.66,0.796,0.843,0.728,0.961,1,0.977,0,29.8,0
CUST_01,CUST_01_SITE_1,2026-01,7705.31,0.788,0.821,0.73,0.967,1,0.947,0,26.5,0
CUST_01,CUST_01_SITE_2,2025-01,5834.36,0.645,0.944,0.713,0.964,1,0.913,0,75.5,0
CUST_01,CUST_01_SITE_2,2025-02,6286.08,0.645,0.958,0.89,0.962,1,0.957,0,64.7,0
CUST_01,CUST_01_SITE_2,2025-03,6335.49,0.689,0.923,0.71,0.979,1,0.946,0,66.4,0
CUST_01,CUST_01_SITE_2,2025-04,6347.93,0.621,0.954,0.797,0.996,0,0.931,0,65.4,0
CUST_01,CUST_01_SITE_2,2025-05,6146.76,0.657,0.964,0.839,0.976,0,0.908,0,69.7,0
CUST_01,CUST_01_SITE_2,2025-06,5930.11,0.669,0.969,0.924,0.993,2,0.915,0,65.5,0
CUST_01,CUST_01_SITE_2,2025-07,6263.37,0.662,0.946,0.873,0.982,0,0.964,0,64.5,0
CUST_01,CUST_01_SITE_2,2025-08,6067.88,0.623,0.958,0.912,0.982,1,0.933,0,71.9,0
CUST_01,CUST_01_SITE_2,2025-09,6040.21,0.629,0.941,0.923,0.981,2,0.944,0,69.1,0
CUST_01,CUST_01_SITE_2,2025-10,6343.25,0.628,0.922,0.935,0.997,1,0.901,0,69.6,0
CUST_01,CUST_01_SITE_2,2025-11,6193.29,0.66,0.934,0.796,0.992,0,0.915,0,70.5,0
CUST_01,CUST_01_SITE_2,2025-12,6360.14,0.647,0.956,0.724,0.98,1,0.947,0,73.4,0
CUST_01,CUST_01_SITE_2,2026-01,6289.67,0.657,0.965,0.79,0.964,4,0.945,0,71.3,0
CUST_01,CUST_01_SITE_3,2025-01,6559.26,0.73,0.879,0.709,0.973,1,0.953,0,57.2,0
CUST_01,CUST_01_SITE_3,2025-02,6525.64,0.765,0.864,0.884,0.958,1,0.9,0,54.1,0
CUST_01,CUST_01_SITE_3,2025-03,6879.07,0.739,0.81,0.882,0.958,1,0.894,2,55.3,0
CUST_01,CUST_01_SITE_3,2025-04,6040.48,0.703,0.828,0.812,0.978,3,0.937,1,50.3,0
CUST_01,CUST_01_SITE_3,2025-05,5964.65,0.668,0.821,0.691,0.964,1,0.922,0,55.4,0
CUST_01,CUST_01_SITE_3,2025-06,6249.66,0.703,0.81,0.815,0.962,2,0.886,1,45.9,0
CUST_01,CUST_01_SITE_3,2025-07,5900.74,0.663,0.763,0.811,0.957,5,0.881,0,48.6,0
CUST_01,CUST_01_SITE_3,2025-08,5504.27,0.647,0.806,0.647,0.972,1,0.934,4,40.9,0
CUST_01,CUST_01_SITE_3,2025-09,5542.16,0.612,0.74,0.827,0.947,5,0.948,2,36.1,1
CUST_01,CUST_01_SITE_3,2025-10,5214.23,0.627,0.758,0.863,0.974,4,0.923,3,35.5,1
CUST_01,CUST_01_SITE_3,2025-11,4952.5,0.593,0.709,0.839,0.942,1,0.927,1,40.1,0
CUST_01,CUST_01_SITE_3,2025-12,4971.58,0.567,0.729,0.63,0.971,7,0.924,3,33.0,1
CUST_01,CUST_01_SITE_3,2026-01,4692.37,0.56,0.712,0.63,0.926,7,0.937,0,29.6,1
CUST_01,CUST_01_SITE_4,2025-01,7838.81,0.502,0.923,0.857,0.984,1,0.953,0,47.9,0
CUST_01,CUST_01_SITE_4,2025-02,7601.6,0.52,0.881,0.739,0.97,1,0.903,2,46.2,0
CUST_01,CUST_01_SITE_4,2025-03,7045.77,0.491,0.909,0.724,0.99,4,0.976,1,44.3,0
CUST_01,CUST_01_SITE_4,2025-04,7218.11,0.462,0.891,0.77,0.99,3,0.912,0,35.6,0
CUST_01,CUST_01_SITE_4,2025-05,7089.22,0.457,0.903,0.903,0.982,1,0.895,2,37.3,0
CUST_01,CUST_01_SITE_4,2025-06,7053.95,0.465,0.844,0.826,0.963,5,0.915,0,33.0,1
CUST_01,CUST_01_SITE_4,2025-07,6944.19,0.435,0.839,0.654,0.952,4,0.921,1,30.4,1
CUST_01,CUST_01_SITE_4,2025-08,6647.21,0.407,0.835,0.706,0.955,4,0.878,0,31.3,1
CUST_01,CUST_01_SITE_4,2025-09,6328.74,0.365,0.813,0.858,0.953,2,0.87,0,23.2,1
CUST_01,CUST_01_SITE_4,2025-10,5896.84,0.356,0.782,0.716,0.952,1,0.934,1,23.3,1
CUST_01,CUST_01_SITE_4,2025-11,5841.99,0.346,0.81,0.663,0.935,4,0.926,0,23.7,1
CUST_01,CUST_01_SITE_4,2025-12,5839.25,0.314,0.786,0.741,0.928,3,0.888,0,21.8,1
CUST_01,CUST_01_SITE_4,2026-01,5261.24,0.304,0.757,0.823,0.949,4,0.903,2,15.3,1
CUST_01,CUST_01_SITE_5,2025-01,3708.19,0.648,0.854,0.738,0.962,0,0.917,0,47.8,0
CUST_01,CUST_01_SITE_5,2025-02,3536.94,0.634,0.811,0.946,0.955,2,0.974,0,50.6,0
CUST_01,CUST_01_SITE_5,2025-03,3557.86,0.635,0.872,0.839,0.978,0,0.969,0,49.2,0
CUST_01,CUST_01_SITE_5,2025-04,3589.74,0.625,0.867,0.761,0.956,1,0.952,0,40.3,0
CUST_01,CUST_01_SITE_5,2025-05,3689.44,0.621,0.848,0.784,0.957,0,0.989,0,48.7,0
CUST_01,CUST_01_SITE_5,2025-06,3903.91,0.634,0.878,0.89,0.979,1,0.931,0,45.1,0
CUST_01,CUST_01_SITE_5,2025-07,3736.6,0.647,0.871,0.91,0.957,1,0.915,0,53.3,0
CUST_01,CUST_01_SITE_5,2025-08,3781.55,0.637,0.867,0.79,0.993,1,0.94,0,54.8,0
CUST_01,CUST_01_SITE_5,2025-09,3567.37,0.601,0.883,0.826,0.961,1,0.949,0,46.0,0
CUST_01,CUST_01_SITE_5,2025-10,3749.78,0.661,0.832,0.735,0.989,1,0.98,0,52.0,0
CUST_01,CUST_01_SITE_5,2025-11,3605.18,0.653,0.84,0.886,0.952,3,0.974,0,46.1,0
CUST_01,CUST_01_SITE_5,2025-12,3648.68,0.626,0.853,0.757,0.985,2,0.949,0,49.7,0
CUST_01,CUST_01_SITE_5,2026-01,3547.9,0.62,0.826,0.816,0.996,0,0.953,0,53.0,0
CUST_01,CUST_01_SITE_6,2025-01,5391.76,0.756,0.709,0.738,0.978,1,0.966,0,64.9,0
CUST_01,CUST_01_SITE_6,2025-02,4711.53,0.725,0.693,0.839,0.967,0,0.926,0,64.4,0
CUST_01,CUST_01_SITE_6,2025-03,4954.01,0.665,0.675,0.77,0.981,1,0.932,0,60.5,0
CUST_01,CUST_01_SITE_6,2025-04,4656.35,0.668,0.683,0.766,0.971,1,0.947,0,55.6,0
CUST_01,CUST_01_SITE_6,2025-05,4371.98,0.675,0.655,0.816,0.943,3,0.9,0,54.1,0
CUST_01,CUST_01_SITE_6,2025-06,4919.9,0.639,0.67,0.769,0.957,1,0.896,2,43.1,0
CUST_01,CUST_01_SITE_6,2025-07,4446.68,0.618,0.622,0.689,0.97,1,0.895,0,48.4,0
CUST_01,CUST_01_SITE_6,2025-08,4173.9,0.625,0.627,0.701,0.937,4,0.931,0,42.9,0
CUST_01,CUST_01_SITE_6,2025-09,4146.89,0.605,0.611,0.739,0.974,3,0.92,1,39.9,0
CUST_01,CUST_01_SITE_6,2025-10,4151.72,0.551,0.557,0.862,0.965,5,0.865,1,39.5,1
CUST_01,CUST_01_SITE_6,2025-11,3506.86,0.593,0.583,0.863,0.951,2,0.941,0,38.1,0
CUST_01,CUST_01_SITE_6,2025-12,3324.7,0.572,0.607,0.816,0.933,0,0.866,5,38.3,1
CUST_01,CUST_01_SITE_6,2026-01,3493.11,0.561,0.562,0.612,0.928,3,0.885,1,26.5,1
CUST_02,CUST_02_SITE_1,2025-01,6319.24,0.722,0.943,0.741,0.991,2,0.956,0,34.7,0
CUST_02,CUST_02_SITE_1,2025-02,5747.1,0.72,0.904,0.868,0.977,1,0.903,0,32.0,0
CUST_02,CUST_02_SITE_1,2025-03,5951.18,0.698,0.926,0.814,0.949,5,0.98,1,37.9,0
CUST_02,CUST_02_SITE_1,2025-04,5797.84,0.697,0.894,0.822,0.991,2,0.898,1,32.7,0
CUST_02,CUST_02_SITE_1,2025-05,5657.08,0.658,0.9,0.68,0.962,3,0.934,0,32.2,0
CUST_02,CUST_02_SITE_1,2025-06,5553.98,0.681,0.833,0.801,0.977,4,0.958,0,23.5,0
CUST_02,CUST_02_SITE_1,2025-07,5431.05,0.644,0.875,0.668,0.935,0,0.883,0,24.3,0
CUST_02,CUST_02_SITE_1,2025-08,5741.13,0.614,0.836,0.665,0.949,2,0.913,0,17.8,0
CUST_02,CUST_02_SITE_1,2025-09,5154.27,0.626,0.806,0.861,0.932,1,0.878,2,21.7,0
CUST_02,CUST_02_SITE_1,2025-10,4959.93,0.595,0.83,0.851,0.976,2,0.938,1,20.1,0
CUST_02,CUST_02_SITE_1,2025-11,4663.72,0.575,0.823,0.671,0.95,4,0.948,4,18.4,1
CUST_02,CUST_02_SITE_1,2025-12,4139.53,0.543,0.796,0.619,0.964,1,0.938,2,7.0,1
CUST_02,CUST_02_SITE_1,2026-01,4439.56,0.532,0.805,0.743,0.952,6,0.864,1,9.9,1
CUST_02,CUST_02_SITE_2,2025-01,7572.22,0.553,0.864,0.927,0.95,2,0.917,0,31.4,0
CUST_02,CUST_02_SITE_2,2025-02,7341.38,0.514,0.842,0.786,0.948,1,0.921,0,27.4,0
CUST_02,CUST_02_SITE_2,2025-03,7438.79,0.504,0.826,0.872,0.984,0,0.961,1,23.3,0
CUST_02,CUST_02_SITE_2,2025-04,7162.38,0.512,0.823,0.694,0.984,4,0.922,0,21.8,1
CUST_02,CUST_02_SITE_2,2025-05,6732.66,0.498,0.813,0.667,0.948,2,0.96,1,21.7,1
CUST_02,CUST_02_SITE_2,2025-06,6799.79,0.449,0.798,0.691,0.98,1,0.945,4,19.2,1
CUST_02,CUST_02_SITE_2,2025-07,6220.14,0.419,0.819,0.7,0.978,4,0.893,0,17.0,1
CUST_02,CUST_02_SITE_2,2025-08,6222.22,0.402,0.78,0.841,0.947,4,0.925,1,12.0,1
CUST_02,CUST_02_SITE_2,2025-09,5767.08,0.415,0.784,0.715,0.959,3,0.928,3,6.5,1
CUST_02,CUST_02_SITE_2,2025-10,5926.52,0.402,0.75,0.651,0.955,0,0.906,0,8.3,1
CUST_02,CUST_02_SITE_2,2025-11,5922.09,0.362,0.77,0.637,0.965,3,0.921,1,4.7,1
CUST_02,CUST_02_SITE_2,2025-12,5566.27,0.362,0.771,0.762,0.937,9,0.897,0,6.1,1
CUST_02,CUST_02_SITE_2,2026-01,5262.0,0.318,0.738,0.763,0.943,6,0.865,0,4.2,1
CUST_02,CUST_02_SITE_3,2025-01,5645.64,0.623,0.809,0.91,0.959,2,0.957,0,43.6,0
CUST_02,CUST_02_SITE_3,2025-02,6094.33,0.648,0.898,0.828,0.979,0,0.936,0,45.7,0
CUST_02,CUST_02_SITE_3,2025-03,6221.52,0.666,0.848,0.948,0.964,0,0.935,0,48.1,0
CUST_02,CUST_02_SITE_3,2025-04,6168.84,0.63,0.851,0.801,0.979,1,0.946,0,42.5,0
CUST_02,CUST_02_SITE_3,2025-05,5778.84,0.63,0.818,0.801,0.979,2,0.959,0,44.2,0
CUST_02,CUST_02_SITE_3,2025-06,5744.79,0.6,0.87,0.799,0.962,0,0.98,0,49.3,0
CUST_02,CUST_02_SITE_3,2025-07,5535.84,0.62,0.875,0.736,0.972,2,0.932,0,42.9,0
CUST_02,CUST_02_SITE_3,2025-08,6200.49,0.601,0.846,0.895,0.985,2,0.949,0,38.2,0
CUST_02,CUST_02_SITE_3,2025-09,5855.25,0.624,0.839,0.756,0.959,0,0.909,0,43.2,0
CUST_02,CUST_02_SITE_3,2025-10,6262.73,0.648,0.826,0.871,0.951,0,0.988,0,37.3,0
CUST_02,CUST_02_SITE_3,2025-11,5610.69,0.643,0.793,0.833,0.956,0,0.913,0,45.5,0
CUST_02,CUST_02_SITE_3,2025-12,5932.35,0.635,0.828,0.883,0.958,0,0.987,0,43.4,0
CUST_02,CUST_02_SITE_3,2026-01,6080.62,0.609,0.835,0.704,0.962,3,0.972,0,45.3,0
CUST_03,CUST_03_SITE_1,2025-01,6119.61,0.571,0.863,0.918,0.988,2,0.936,0,40.7,0
CUST_03,CUST_03_SITE_1,2025-02,6296.97,0.562,0.877,0.899,0.971,1,0.949,0,41.8,0
CUST_03,CUST_03_SITE_1,2025-03,5803.48,0.553,0.847,0.812,0.962,1,0.907,0,44.4,0
CUST_03,CUST_03_SITE_1,2025-04,6387.48,0.606,0.851,0.795,0.992,1,0.902,0,46.5,0
CUST_03,CUST_03_SITE_1,2025-05,5827.73,0.556,0.894,0.833,0.98,4,0.918,0,34.2,0
CUST_03,CUST_03_SITE_1,2025-06,6008.54,0.594,0.861,0.725,0.974,0,0.926,0,41.4,0
CUST_03,CUST_03_SITE_1,2025-07,6253.26,0.574,0.826,0.853,0.985,0,0.937,0,40.9,0
CUST_03,CUST_03_SITE_1,2025-08,6032.23,0.583,0.845,0.831,0.985,0,0.951,0,41.3,0
CUST_03,CUST_03_SITE_1,2025-09,6338.56,0.585,0.853,0.858,0.997,3,0.919,0,39.9,0
CUST_03,CUST_03_SITE_1,2025-10,5778.56,0.621,0.84,0.895,0.963,1,0.96,0,37.6,0
CUST_03,CUST_03_SITE_1,2025-11,6106.98,0.571,0.909,0.742,0.986,1,0.909,0,36.0,0
CUST_03,CUST_03_SITE_1,2025-12,6067.84,0.583,0.884,0.758,0.969,1,0.989,0,46.3,0
CUST_03,CUST_03_SITE_1,2026-01,6141.99,0.571,0.836,0.879,0.984,1,0.909,0,34.0,0
CUST_03,CUST_03_SITE_2,2025-01,6125.88,0.717,0.757,0.83,0.953,1,0.949,0,23.4,0
CUST_03,CUST_03_SITE_2,2025-02,6412.21,0.748,0.729,0.783,0.983,2,0.966,0,25.1,0
CUST_03,CUST_03_SITE_2,2025-03,6205.03,0.73,0.78,0.744,0.984,0,0.948,0,24.2,0
CUST_03,CUST_03_SITE_2,2025-04,6323.79,0.713,0.754,0.866,0.989,1,0.936,0,27.7,0
CUST_03,CUST_03_SITE_2,2025-05,6360.63,0.747,0.77,0.856,0.954,1,0.974,0,27.7,0
CUST_03,CUST_03_SITE_2,2025-06,6487.65,0.75,0.753,0.722,0.996,1,0.936,0,20.0,0
CUST_03,CUST_03_SITE_2,2025-07,6777.18,0.709,0.785,0.824,0.999,1,0.984,0,24.1,0
CUST_03,CUST_03_SITE_2,2025-08,6362.4,0.729,0.787,0.917,0.989,1,0.907,0,23.1,0
CUST_03,CUST_03_SITE_2,2025-09,6108.45,0.724,0.748,0.944,0.981,1,0.978,0,27.9,0
CUST_03,CUST_03_SITE_2,2025-10,6341.03,0.748,0.796,0.744,0.975,1,0.933,0,25.6,0
CUST_03,CUST_03_SITE_2,2025-11,6447.58,0.732,0.732,0.827,0.972,0,0.958,0,22.0,0
CUST_03,CUST_03_SITE_2,2025-12,6454.06,0.706,0.749,0.715,0.988,1,0.99,0,25.2,0
CUST_03,CUST_03_SITE_2,2026-01,6375.77,0.725,0.756,0.873,0.953,3,0.928,0,23.1,0
CUST_03,CUST_03_SITE_3,2025-01,5470.0,0.706,0.783,0.907,0.986,1,0.937,0,21.1,0
CUST_03,CUST_03_SITE_3,2025-02,5521.48,0.694,0.811,0.726,0.974,0,0.897,0,21.6,0
CUST_03,CUST_03_SITE_3,2025-03,5453.14,0.689,0.784,0.797,0.986,0,0.936,0,18.6,0
CUST_03,CUST_03_SITE_3,2025-04,5546.27,0.644,0.723,0.774,0.965,4,0.949,0,17.7,1
CUST_03,CUST_03_SITE_3,2025-05,5304.62,0.634,0.8,0.832,0.984,2,0.93,0,14.7,0
CUST_03,CUST_03_SITE_3,2025-06,5043.18,0.662,0.739,0.68,0.973,0,0.886,0,14.3,0
CUST_03,CUST_03_SITE_3,2025-07,4612.44,0.591,0.756,0.815,0.944,1,0.934,1,9.6,1
CUST_03,CUST_03_SITE_3,2025-08,4859.71,0.62,0.694,0.672,0.963,3,0.958,1,7.5,1
CUST_03,CUST_03_SITE_3,2025-09,4606.1,0.583,0.737,0.836,0.962,1,0.95,0,8.1,1
CUST_03,CUST_03_SITE_3,2025-10,4242.15,0.521,0.735,0.861,0.939,1,0.942,1,0.7,1
CUST_03,CUST_03_SITE_3,2025-11,4368.36,0.549,0.698,0.732,0.966,7,0.873,0,-0.9,1
CUST_03,CUST_03_SITE_3,2025-12,4326.48,0.539,0.67,0.819,0.958,5,0.933,2,-5.4,1
CUST_03,CUST_03_SITE_3,2026-01,3970.27,0.51,0.673,0.848,0.925,5,0.867,3,-6.2,1
CUST_03,CUST_03_SITE_4,2025-01,6275.97,0.492,0.877,0.919,0.999,1,0.965,0,27.7,0
CUST_03,CUST_03_SITE_4,2025-02,6446.73,0.516,0.846,0.866,0.948,1,0.967,0,22.3,0
CUST_03,CUST_03_SITE_4,2025-03,6127.28,0.532,0.85,0.828,0.973,3,0.916,1,25.7,0
CUST_03,CUST_03_SITE_4,2025-04,6296.68,0.451,0.868,0.804,0.964,0,0.917,0,24.7,0
CUST_03,CUST_03_SITE_4,2025-05,5892.81,0.445,0.867,0.916,0.986,3,0.894,0,22.0,1
CUST_03,CUST_03_SITE_4,2025-06,5670.76,0.453,0.862,0.704,0.955,1,0.881,1,22.3,1
CUST_03,CUST_03_SITE_4,2025-07,5201.86,0.418,0.832,0.86,0.944,3,0.882,1,14.5,1
CUST_03,CUST_03_SITE_4,2025-08,5749.16,0.388,0.787,0.794,0.939,3,0.876,0,14.0,1
CUST_03,CUST_03_SITE_4,2025-09,5077.16,0.364,0.782,0.701,0.967,2,0.911,0,11.2,1
CUST_03,CUST_03_SITE_4,2025-10,5108.94,0.342,0.739,0.85,0.929,4,0.9,1,4.5,1
CUST_03,CUST_03_SITE_4,2025-11,4702.38,0.359,0.735,0.86,0.955,2,0.879,2,12.4,1
CUST_03,CUST_03_SITE_4,2025-12,4557.15,0.332,0.758,0.625,0.957,2,0.898,1,4.7,1
CUST_03,CUST_03_SITE_4,2026-01,4683.47,0.332,0.689,0.763,0.947,3,0.855,2,-2.9,1
CUST_03,CUST_03_SITE_5,2025-01,2916.14,0.642,0.896,0.893,0.951,0,0.942,0,45.9,0
CUST_03,CUST_03_SITE_5,2025-02,3004.91,0.65,0.87,0.864,0.99,1,0.987,0,46.0,0
CUST_03,CUST_03_SITE_5,2025-03,3010.89,0.603,0.908,0.844,0.981,1,0.982,0,44.0,0
CUST_03,CUST_03_SITE_5,2025-04,2744.42,0.634,0.909,0.779,0.992,1,0.989,0,47.9,0
CUST_03,CUST_03_SITE_5,2025-05,2921.28,0.624,0.87,0.81,0.98,0,0.979,0,47.2,0
CUST_03,CUST_03_SITE_5,2025-06,2993.08,0.66,0.888,0.946,0.983,1,0.979,0,47.3,0
CUST_03,CUST_03_SITE_5,2025-07,2750.44,0.627,0.89,0.832,0.985,1,0.966,0,45.2,0
CUST_03,CUST_03_SITE_5,2025-08,3055.93,0.626,0.893,0.878,0.965,2,0.932,0,49.9,0
CUST_03,CUST_03_SITE_5,2025-09,3247.64,0.632,0.869,0.878,0.99,0,0.922,0,44.5,0
CUST_03,CUST_03_SITE_5,2025-10,2909.89,0.614,0.921,0.863,0.98,0,0.976,0,45.0,0
CUST_03,CUST_03_SITE_5,2025-11,3068.98,0.632,0.871,0.869,0.966,1,0.916,0,46.9,0
CUST_03,CUST_03_SITE_5,2025-12,2907.82,0.643,0.879,0.861,0.984,1,0.919,0,48.3,0
CUST_03,CUST_03_SITE_5,2026-01,3091.02,0.636,0.896,0.897,0.983,0,0.982,0,47.4,0
CUST_03,CUST_03_SITE_6,2025-01,6052.56,0.746,0.733,0.728,0.971,0,0.967,0,42.2,0
CUST_03,CUST_03_SITE_6,2025-02,5980.02,0.733,0.719,0.928,0.987,1,0.987,0,44.6,0
CUST_03,CUST_03_SITE_6,2025-03,5837.31,0.746,0.717,0.918,0.956,2,0.922,0,44.8,0
CUST_03,CUST_03_SITE_6,2025-04,6020.51,0.718,0.744,0.774,0.965,1,0.981,0,37.5,0
CUST_03,CUST_03_SITE_6,2025-05,6110.06,0.742,0.746,0.746,0.954,0,0.972,0,43.0,0
CUST_03,CUST_03_SITE_6,2025-06,6041.02,0.715,0.713,0.908,0.979,0,0.908,0,42.5,0
CUST_03,CUST_03_SITE_6,2025-07,6077.42,0.737,0.741,0.808,0.966,1,0.954,0,50.4,0
CUST_03,CUST_03_SITE_6,2025-08,5996.9,0.743,0.76,0.848,0.984,0,0.946,0,46.3,0
CUST_03,CUST_03_SITE_6,2025-09,5975.18,0.707,0.771,0.938,0.979,2,0.906,0,41.8,0
CUST_03,CUST_03_SITE_6,2025-10,5875.9,0.698,0.716,0.735,0.964,1,0.943,0,42.2,0
CUST_03,CUST_03_SITE_6,2025-11,6114.8,0.699,0.71,0.829,0.95,0,0.92,0,40.3,0
CUST_03,CUST_03_SITE_6,2025-12,6241.29,0.713,0.737,0.773,0.996,1,0.956,0,50.5,0
CUST_03,CUST_03_SITE_6,2026-01,5960.58,0.708,0.749,0.823,0.984,1,0.925,0,42.4,0
CUST_04,CUST_04_SITE_1,2025-01,4099.6,0.813,0.934,0.701,0.985,1,0.978,0,54.8,0
CUST_04,CUST_04_SITE_1,2025-02,4502.96,0.768,0.932,0.723,0.979,2,0.929,0,56.8,0
CUST_04,CUST_04_SITE_1,2025-03,4233.98,0.822,0.947,0.922,0.979,1,0.91,0,57.5,0
CUST_04,CUST_04_SITE_1,2025-04,4278.98,0.786,0.947,0.832,0.991,3,0.94,0,55.8,0
CUST_04,CUST_04_SITE_1,2025-05,4302.01,0.777,0.917,0.904,0.953,1,0.936,0,49.1,0
CUST_04,CUST_04_SITE_1,2025-06,4355.45,0.776,0.926,0.757,0.969,1,0.968,0,56.7,0
CUST_04,CUST_04_SITE_1,2025-07,4323.58,0.785,0.949,0.741,0.982,0,0.969,0,62.8,0
CUST_04,CUST_04_SITE_1,2025-08,4308.34,0.801,0.874,0.702,0.969,2,0.976,0,54.6,0
CUST_04,CUST_04_SITE_1,2025-09,4583.66,0.794,0.951,0.726,0.958,1,0.988,0,59.7,0
CUST_04,CUST_04_SITE_1,2025-10,4116.28,0.794,0.918,0.931,0.97,1,0.913,0,53.1,0
CUST_04,CUST_04_SITE_1,2025-11,4120.01,0.791,0.912,0.794,0.973,2,0.908,0,56.8,0
CUST_04,CUST_04_SITE_1,2025-12,4124.18,0.799,0.973,0.742,0.962,1,0.974,0,48.1,0
CUST_04,CUST_04_SITE_1,2026-01,4167.22,0.803,0.961,0.759,0.991,1,0.952,0,53.8,0
CUST_04,CUST_04_SITE_2,2025-01,7817.87,0.581,0.925,0.815,0.986,0,0.977,0,28.5,0
CUST_04,CUST_04_SITE_2,2025-02,7903.08,0.549,0.897,0.841,0.965,1,0.963,0,24.8,0
CUST_04,CUST_04_SITE_2,2025-03,7630.64,0.519,0.869,0.926,0.992,1,0.96,0,25.3,0
CUST_04,CUST_04_SITE_2,2025-04,7381.69,0.472,0.92,0.785,0.972,4,0.927,0,25.7,0
CUST_04,CUST_04_SITE_2,2025-05,7454.6,0.501,0.857,0.682,0.94,2,0.911,0,20.3,0
CUST_04,CUST_04_SITE_2,2025-06,7143.04,0.46,0.886,0.819,0.978,3,0.968,0,19.2,0
CUST_04,CUST_04_SITE_2,2025-07,7040.39,0.431,0.833,0.825,0.94,2,0.937,0,15.8,1
CUST_04,CUST_04_SITE_2,2025-08,6692.65,0.406,0.839,0.816,0.933,2,0.881,1,18.5,1
CUST_04,CUST_04_SITE_2,2025-09,6165.42,0.425,0.824,0.686,0.972,2,0.891,0,14.1,1
CUST_04,CUST_04_SITE_2,2025-10,6428.73,0.416,0.762,0.633,0.938,4,0.903,3,8.6,1
CUST_04,CUST_04_SITE_2,2025-11,5685.73,0.389,0.757,0.757,0.931,6,0.883,1,2.3,1
CUST_04,CUST_04_SITE_2,2025-12,5910.82,0.365,0.781,0.832,0.951,3,0.938,1,7.7,1
CUST_04,CUST_04_SITE_2,2026-01,5812.72,0.364,0.771,0.836,0.941,4,0.901,3,0.8,1
CUST_04,CUST_04_SITE_3,2025-01,3604.93,0.853,0.742,0.859,0.999,0,0.945,0,28.7,0
CUST_04,CUST_04_SITE_3,2025-02,3722.0,0.844,0.726,0.859,0.988,0,0.977,0,33.7,0
CUST_04,CUST_04_SITE_3,2025-03,3569.37,0.824,0.778,0.793,0.993,3,0.903,0,32.1,0
CUST_04,CUST_04_SITE_3,2025-04,3659.97,0.847,0.753,0.944,0.953,1,0.952,0,32.2,0
CUST_04,CUST_04_SITE_3,2025-05,3725.81,0.861,0.75,0.725,0.984,0,0.982,0,38.4,0
CUST_04,CUST_04_SITE_3,2025-06,3626.05,0.866,0.729,0.927,0.963,2,0.936,0,37.5,0
CUST_04,CUST_04_SITE_3,2025-07,3471.59,0.882,0.728,0.733,0.992,1,0.934,0,31.8,0
CUST_04,CUST_04_SITE_3,2025-08,3300.08,0.841,0.708,0.785,0.986,0,0.958,0,31.7,0
CUST_04,CUST_04_SITE_3,2025-09,3879.61,0.887,0.758,0.92,0.983,2,0.926,0,39.9,0
CUST_04,CUST_04_SITE_3,2025-10,3431.02,0.842,0.752,0.934,0.98,1,0.96,0,35.6,0
CUST_04,CUST_04_SITE_3,2025-11,3555.71,0.851,0.749,0.863,0.982,2,0.965,0,29.1,0
CUST_04,CUST_04_SITE_3,2025-12,3691.97,0.855,0.736,0.769,0.998,2,0.958,0,36.5,0
CUST_04,CUST_04_SITE_3,2026-01,3774.02,0.832,0.732,0.872,0.984,2,0.904,0,34.1,0
CUST_05,CUST_05_SITE_1,2025-01,7709.6,0.705,0.757,0.837,0.971,0,0.915,0,49.1,0
CUST_05,CUST_05_SITE_1,2025-02,7462.81,0.707,0.752,0.94,0.96,5,0.939,0,46.8,0
CUST_05,CUST_05_SITE_1,2025-03,7604.28,0.715,0.764,0.748,0.989,5,0.915,0,45.2,0
CUST_05,CUST_05_SITE_1,2025-04,8108.47,0.708,0.775,0.867,0.958,2,0.901,0,41.2,0
CUST_05,CUST_05_SITE_1,2025-05,7497.52,0.724,0.778,0.882,0.955,1,0.943,0,43.7,0
CUST_05,CUST_05_SITE_1,2025-06,7588.37,0.719,0.745,0.93,0.999,0,0.968,0,40.3,0
CUST_05,CUST_05_SITE_1,2025-07,7478.78,0.68,0.765,0.938,0.978,0,0.971,0,45.5,0
CUST_05,CUST_05_SITE_1,2025-08,7828.9,0.68,0.788,0.76,0.959,1,0.946,0,41.3,0
CUST_05,CUST_05_SITE_1,2025-09,7666.2,0.726,0.763,0.809,0.978,2,0.932,0,46.8,0
CUST_05,CUST_05_SITE_1,2025-10,7709.78,0.73,0.758,0.824,0.96,1,0.93,0,49.6,0
CUST_05,CUST_05_SITE_1,2025-11,7674.36,0.721,0.761,0.802,0.99,1,0.962,0,47.2,0
CUST_05,CUST_05_SITE_1,2025-12,7883.65,0.736,0.725,0.806,0.952,0,0.969,0,46.0,0
CUST_05,CUST_05_SITE_1,2026-01,7612.46,0.713,0.739,0.758,0.95,2,0.96,0,41.8,0
CUST_05,CUST_05_SITE_2,2025-01,6624.1,0.851,0.796,0.925,0.99,2,0.953,0,31.7,0
CUST_05,CUST_05_SITE_2,2025-02,6331.69,0.844,0.842,0.742,0.988,2,0.924,0,36.3,0
CUST_05,CUST_05_SITE_2,2025-03,6133.69,0.855,0.825,0.726,0.975,1,0.984,0,37.6,0
CUST_05,CUST_05_SITE_2,2025-04,6558.28,0.857,0.799,0.93,0.984,2,0.973,0,40.5,0
CUST_05,CUST_05_SITE_2,2025-05,6339.72,0.817,0.814,0.882,0.978,2,0.915,0,37.5,0
CUST_05,CUST_05_SITE_2,2025-06,6590.49,0.856,0.8,0.91,0.951,2,0.921,0,34.9,0
CUST_05,CUST_05_SITE_2,2025-07,6629.45,0.851,0.816,0.713,0.975,2,0.972,0,35.3,0
CUST_05,CUST_05_SITE_2,2025-08,6020.71,0.861,0.796,0.773,0.993,2,0.956,0,32.6,0
CUST_05,CUST_05_SITE_2,2025-09,6693.77,0.845,0.798,0.837,0.964,0,0.932,0,35.6,0
CUST_05,CUST_05_SITE_2,2025-10,6146.91,0.862,0.793,0.717,0.988,0,0.939,0,39.7,0
CUST_05,CUST_05_SITE_2,2025-11,6228.07,0.864,0.803,0.936,0.981,2,0.938,0,33.5,0
CUST_05,CUST_05_SITE_2,2025-12,6368.68,0.845,0.786,0.808,0.998,0,0.947,0,32.3,0
CUST_05,CUST_05_SITE_2,2026-01,6405.3,0.821,0.823,0.806,0.967,1,0.918,0,38.3,0
CUST_05,CUST_05_SITE_3,2025-01,4753.89,0.611,0.761,0.85,0.981,1,0.901,0,52.0,0
CUST_05,CUST_05_SITE_3,2025-02,5013.76,0.611,0.728,0.759,0.977,2,0.91,1,53.1,0
CUST_05,CUST_05_SITE_3,2025-03,4610.34,0.58,0.78,0.853,0.965,0,0.944,0,50.0,0
CUST_05,CUST_05_SITE_3,2025-04,4645.28,0.556,0.757,0.722,0.975,1,0.888,0,44.3,0
CUST_05,CUST_05_SITE_3,2025-05,4453.48,0.533,0.719,0.731,0.961,1,0.936,1,45.3,0
CUST_05,CUST_05_SITE_3,2025-06,4447.46,0.505,0.717,0.662,0.95,1,0.901,0,42.0,0
CUST_05,CUST_05_SITE_3,2025-07,4504.51,0.501,0.729,0.67,0.982,5,0.931,2,40.8,1
CUST_05,CUST_05_SITE_3,2025-08,4004.04,0.478,0.687,0.776,0.946,5,0.893,1,37.6,1
CUST_05,CUST_05_SITE_3,2025-09,4317.09,0.459,0.661,0.744,0.931,2,0.911,1,35.4,1
CUST_05,CUST_05_SITE_3,2025-10,3697.51,0.486,0.634,0.665,0.935,1,0.922,3,32.8,1
CUST_05,CUST_05_SITE_3,2025-11,3472.12,0.418,0.649,0.751,0.942,6,0.89,3,22.9,1
CUST_05,CUST_05_SITE_3,2025-12,3764.2,0.381,0.606,0.823,0.956,5,0.915,1,25.4,1
CUST_05,CUST_05_SITE_3,2026-01,3345.29,0.402,0.641,0.729,0.928,1,0.865,2,25.6,1
CUST_06,CUST_06_SITE_1,2025-01,5329.79,0.529,0.777,0.843,0.998,1,0.978,0,33.2,0
CUST_06,CUST_06_SITE_1,2025-02,5323.48,0.582,0.738,0.782,0.977,1,0.985,0,37.5,0
CUST_06,CUST_06_SITE_1,2025-03,5484.42,0.586,0.751,0.945,0.975,0,0.969,0,37.7,0
CUST_06,CUST_06_SITE_1,2025-04,5711.36,0.562,0.774,0.868,0.97,1,0.964,0,36.5,0
CUST_06,CUST_06_SITE_1,2025-05,5562.83,0.559,0.774,0.816,0.993,0,0.911,0,38.0,0
CUST_06,CUST_06_SITE_1,2025-06,5546.12,0.511,0.78,0.801,0.974,0,0.937,0,35.7,0
CUST_06,CUST_06_SITE_1,2025-07,5313.45,0.534,0.752,0.745,0.986,3,0.946,0,33.8,0
CUST_06,CUST_06_SITE_1,2025-08,5342.7,0.545,0.767,0.877,0.968,1,0.931,0,40.0,0
CUST_06,CUST_06_SITE_1,2025-09,5456.22,0.56,0.759,0.793,0.981,0,0.909,0,36.5,0
CUST_06,CUST_06_SITE_1,2025-10,5513.65,0.536,0.782,0.83,0.967,2,0.919,0,28.9,0
CUST_06,CUST_06_SITE_1,2025-11,5332.67,0.577,0.728,0.798,0.958,0,0.954,0,39.5,0
CUST_06,CUST_06_SITE_1,2025-12,5786.67,0.54,0.756,0.89,0.965,1,0.935,0,39.0,0
CUST_06,CUST_06_SITE_1,2026-01,5241.8,0.554,0.774,0.917,0.985,2,0.912,0,36.4,0
CUST_06,CUST_06_SITE_2,2025-01,5100.77,0.691,0.923,0.832,0.99,1,0.959,0,43.8,0
CUST_06,CUST_06_SITE_2,2025-02,4785.96,0.691,0.947,0.897,0.988,1,0.92,0,41.5,0
CUST_06,CUST_06_SITE_2,2025-03,4323.16,0.675,0.958,0.906,0.981,2,0.918,0,40.9,0
CUST_06,CUST_06_SITE_2,2025-04,5008.48,0.682,0.978,0.724,0.987,6,0.961,0,39.4,0
CUST_06,CUST_06_SITE_2,2025-05,4660.52,0.676,0.904,0.78,0.997,2,0.901,0,43.5,0
CUST_06,CUST_06_SITE_2,2025-06,4615.91,0.67,0.944,0.777,0.956,1,0.984,0,43.0,0
CUST_06,CUST_06_SITE_2,2025-07,4312.88,0.65,0.926,0.86,0.986,1,0.952,0,41.0,0
CUST_06,CUST_06_SITE_2,2025-08,4874.07,0.684,0.91,0.855,0.981,1,0.944,0,37.4,0
CUST_06,CUST_06_SITE_2,2025-09,4638.96,0.703,0.94,0.937,0.991,0,0.978,0,43.7,0
CUST_06,CUST_06_SITE_2,2025-10,4559.28,0.683,0.943,0.717,0.977,2,0.918,0,41.7,0
CUST_06,CUST_06_SITE_2,2025-11,4681.77,0.67,0.952,0.715,0.984,0,0.915,0,41.4,0
CUST_06,CUST_06_SITE_2,2025-12,4264.51,0.639,0.951,0.86,0.997,3,0.907,0,42.4,0
CUST_06,CUST_06_SITE_2,2026-01,4579.29,0.685,0.972,0.717,0.961,2,0.962,0,43.8,0
CUST_06,CUST_06_SITE_3,2025-01,5630.23,0.704,0.939,0.754,0.984,2,0.97,0,53.2,0
CUST_06,CUST_06_SITE_3,2025-02,5509.85,0.683,0.904,0.867,0.994,0,0.95,0,50.4,0
CUST_06,CUST_06_SITE_3,2025-03,5501.5,0.728,0.942,0.714,0.996,0,0.939,0,50.4,0
CUST_06,CUST_06_SITE_3,2025-04,5647.39,0.701,0.955,0.755,0.951,1,0.932,0,50.5,0
CUST_06,CUST_06_SITE_3,2025-05,5750.87,0.731,0.943,0.895,0.965,0,0.9,0,50.5,0
CUST_06,CUST_06_SITE_3,2025-06,5603.95,0.699,0.95,0.799,0.985,0,0.933,0,54.1,0
CUST_06,CUST_06_SITE_3,2025-07,5472.66,0.679,0.948,0.866,0.96,0,0.911,0,54.2,0
CUST_06,CUST_06_SITE_3,2025-08,5884.02,0.708,0.893,0.864,0.977,2,0.972,0,60.1,0
CUST_06,CUST_06_SITE_3,2025-09,5655.35,0.686,0.953,0.926,0.994,2,0.946,0,46.3,0
CUST_06,CUST_06_SITE_3,2025-10,5527.91,0.721,0.926,0.733,0.992,0,0.977,0,57.1,0
CUST_06,CUST_06_SITE_3,2025-11,5065.88,0.696,0.948,0.844,0.977,1,0.923,0,56.7,0
CUST_06,CUST_06_SITE_3,2025-12,5828.31,0.683,0.907,0.947,0.951,0,0.947,0,56.7,0
CUST_06,CUST_06_SITE_3,2026-01,6086.57,0.713,0.957,0.85,0.953,1,0.924,0,58.3,0
CUST_06,CUST_06_SITE_4,2025-01,5354.44,0.591,0.788,0.854,0.987,1,0.984,0,34.9,0
CUST_06,CUST_06_SITE_4,2025-02,5485.18,0.546,0.801,0.882,0.95,1,0.956,0,28.5,0
CUST_06,CUST_06_SITE_4,2025-03,4973.14,0.553,0.72,0.897,0.99,3,0.922,0,29.3,0
CUST_06,CUST_06_SITE_4,2025-04,4952.81,0.532,0.754,0.725,0.945,2,0.938,3,29.0,1
CUST_06,CUST_06_SITE_4,2025-05,5017.8,0.497,0.707,0.737,0.961,1,0.91,0,21.4,1
CUST_06,CUST_06_SITE_4,2025-06,4901.96,0.531,0.689,0.732,0.968,3,0.91,1,21.0,1
CUST_06,CUST_06_SITE_4,2025-07,4114.98,0.491,0.726,0.72,0.942,2,0.964,3,15.9,1
CUST_06,CUST_06_SITE_4,2025-08,4298.25,0.455,0.702,0.71,0.949,3,0.876,2,11.4,1
CUST_06,CUST_06_SITE_4,2025-09,4149.71,0.429,0.67,0.85,0.942,4,0.894,0,16.3,1
CUST_06,CUST_06_SITE_4,2025-10,4461.7,0.421,0.664,0.841,0.968,2,0.924,1,11.2,1
CUST_06,CUST_06_SITE_4,2025-11,4149.67,0.441,0.612,0.705,0.927,1,0.911,0,11.0,1
CUST_06,CUST_06_SITE_4,2025-12,3874.73,0.418,0.621,0.748,0.969,1,0.924,0,9.3,1
CUST_06,CUST_06_SITE_4,2026-01,3686.42,0.367,0.627,0.657,0.964,9,0.888,1,-0.7,1
CUST_06,CUST_06_SITE_5,2025-01,6391.33,0.599,0.737,0.734,0.984,2,0.981,0,26.4,0
CUST_06,CUST_06_SITE_5,2025-02,6594.63,0.604,0.738,0.739,0.991,0,0.982,0,23.9,0
CUST_06,CUST_06_SITE_5,2025-03,6434.35,0.601,0.741,0.89,0.988,0,0.918,0,22.5,0
CUST_06,CUST_06_SITE_5,2025-04,6663.9,0.581,0.749,0.778,0.962,2,0.984,0,26.2,0
CUST_06,CUST_06_SITE_5,2025-05,6604.31,0.607,0.738,0.893,0.952,2,0.961,0,21.0,0
CUST_06,CUST_06_SITE_5,2025-06,6564.94,0.559,0.768,0.833,0.976,0,0.92,0,24.7,0
CUST_06,CUST_06_SITE_5,2025-07,6785.54,0.561,0.727,0.83,0.985,0,0.929,0,24.2,0
CUST_06,CUST_06_SITE_5,2025-08,6871.11,0.586,0.735,0.795,0.966,0,0.908,0,23.9,0
CUST_06,CUST_06_SITE_5,2025-09,6648.42,0.594,0.726,0.811,0.994,1,0.985,0,29.8,0
CUST_06,CUST_06_SITE_5,2025-10,6612.96,0.591,0.736,0.808,0.962,1,0.981,0,30.5,0
CUST_06,CUST_06_SITE_5,2025-11,6759.89,0.591,0.761,0.878,0.984,0,0.921,0,26.5,0
CUST_06,CUST_06_SITE_5,2025-12,6782.63,0.589,0.731,0.733,0.969,1,0.97,0,29.6,0
CUST_06,CUST_06_SITE_5,2026-01,6224.75,0.569,0.717,0.716,0.993,1,0.983,0,23.9,0
CUST_06,CUST_06_SITE_6,2025-01,6846.31,0.574,0.863,0.713,0.958,0,0.907,0,40.4,0
CUST_06,CUST_06_SITE_6,2025-02,6618.55,0.525,0.826,0.758,0.961,0,0.899,1,40.4,0
CUST_06,CUST_06_SITE_6,2025-03,6293.2,0.518,0.825,0.92,0.983,1,0.954,0,39.1,0
CUST_06,CUST_06_SITE_6,2025-04,6134.36,0.503,0.805,0.817,0.979,0,0.934,0,32.5,0
CUST_06,CUST_06_SITE_6,2025-05,5955.24,0.469,0.782,0.746,0.953,0,0.891,0,30.4,0
CUST_06,CUST_06_SITE_6,2025-06,5853.88,0.459,0.759,0.741,0.97,5,0.899,0,26.7,1
CUST_06,CUST_06_SITE_6,2025-07,5764.59,0.447,0.8,0.737,0.955,1,0.949,1,28.1,0
CUST_06,CUST_06_SITE_6,2025-08,5367.94,0.45,0.729,0.672,0.938,3,0.92,0,21.3,1
CUST_06,CUST_06_SITE_6,2025-09,5351.91,0.411,0.725,0.642,0.978,0,0.907,1,22.3,1
CUST_06,CUST_06_SITE_6,2025-10,5067.09,0.382,0.73,0.784,0.976,5,0.921,0,24.4,1
CUST_06,CUST_06_SITE_6,2025-11,4659.31,0.375,0.727,0.68,0.948,5,0.904,0,24.4,1
CUST_06,CUST_06_SITE_6,2025-12,4722.79,0.363,0.684,0.613,0.945,5,0.873,0,13.6,1
CUST_06,CUST_06_SITE_6,2026-01,4528.99,0.359,0.659,0.632,0.921,10,0.923,1,17.2,1
CUST_07,CUST_07_SITE_1,2025-01,2202.84,0.53,0.83,0.831,0.984,3,0.985,0,40.2,0
CUST_07,CUST_07_SITE_1,2025-02,2179.74,0.505,0.861,0.84,0.948,1,0.956,0,38.9,0
CUST_07,CUST_07_SITE_1,2025-03,2119.88,0.495,0.83,0.709,0.965,2,0.892,0,34.0,0
CUST_07,CUST_07_SITE_1,2025-04,1975.64,0.471,0.813,0.888,0.989,2,0.937,0,28.6,0
CUST_07,CUST_07_SITE_1,2025-05,1862.43,0.499,0.794,0.745,0.945,2,0.931,2,26.4,1
CUST_07,CUST_07_SITE_1,2025-06,2001.93,0.473,0.771,0.826,0.971,1,0.936,0,19.7,1
CUST_07,CUST_07_SITE_1,2025-07,2400.32,0.45,0.796,0.868,0.959,3,0.901,1,24.5,1
CUST_07,CUST_07_SITE_1,2025-08,1921.21,0.428,0.762,0.788,0.959,1,0.88,2,16.6,1
CUST_07,CUST_07_SITE_1,2025-09,2153.87,0.412,0.75,0.806,0.942,6,0.924,1,15.3,1
CUST_07,CUST_07_SITE_1,2025-10,1973.24,0.422,0.752,0.63,0.943,2,0.892,2,13.8,1
CUST_07,CUST_07_SITE_1,2025-11,1361.02,0.346,0.73,0.859,0.944,1,0.904,0,9.1,1
CUST_07,CUST_07_SITE_1,2025-12,1338.87,0.339,0.694,0.829,0.943,4,0.927,3,8.8,1
CUST_07,CUST_07_SITE_1,2026-01,2180.37,0.325,0.664,0.685,0.926,3,0.855,4,11.5,1
CUST_07,CUST_07_SITE_2,2025-01,6502.67,0.7,0.718,0.808,0.979,0,0.985,0,48.1,0
CUST_07,CUST_07_SITE_2,2025-02,6748.74,0.729,0.753,0.899,0.986,0,0.981,0,44.6,0
CUST_07,CUST_07_SITE_2,2025-03,6589.08,0.667,0.693,0.812,0.973,5,0.98,0,41.8,0
CUST_07,CUST_07_SITE_2,2025-04,6188.73,0.683,0.679,0.836,0.961,0,0.941,1,37.6,0
CUST_07,CUST_07_SITE_2,2025-05,6077.58,0.62,0.676,0.755,0.979,5,0.97,1,41.9,0
CUST_07,CUST_07_SITE_2,2025-06,6080.56,0.607,0.632,0.673,0.967,2,0.939,0,36.7,0
CUST_07,CUST_07_SITE_2,2025-07,5552.1,0.612,0.634,0.747,0.938,3,0.951,0,31.6,0
CUST_07,CUST_07_SITE_2,2025-08,5479.37,0.6,0.635,0.783,0.976,2,0.88,0,28.6,1
CUST_07,CUST_07_SITE_2,2025-09,5489.51,0.556,0.612,0.87,0.971,1,0.882,0,28.7,1
CUST_07,CUST_07_SITE_2,2025-10,5294.46,0.545,0.593,0.872,0.961,3,0.869,0,21.9,1
CUST_07,CUST_07_SITE_2,2025-11,5344.27,0.577,0.589,0.721,0.926,2,0.944,2,15.5,1
CUST_07,CUST_07_SITE_2,2025-12,4664.34,0.521,0.595,0.745,0.946,2,0.886,4,23.9,1
CUST_07,CUST_07_SITE_2,2026-01,4672.29,0.489,0.576,0.645,0.959,7,0.912,1,18.1,1
CUST_07,CUST_07_SITE_3,2025-01,5098.4,0.694,0.818,0.867,0.974,1,0.953,0,66.3,0
CUST_07,CUST_07_SITE_3,2025-02,5055.47,0.666,0.881,0.843,0.96,1,0.932,0,65.8,0
CUST_07,CUST_07_SITE_3,2025-03,5357.7,0.69,0.847,0.842,0.989,2,0.912,0,66.6,0
CUST_07,CUST_07_SITE_3,2025-04,5185.24,0.63,0.837,0.772,0.95,1,0.966,0,77.4,0
CUST_07,CUST_07_SITE_3,2025-05,5304.36,0.654,0.812,0.856,0.977,1,0.981,0,69.6,0
CUST_07,CUST_07_SITE_3,2025-06,5337.35,0.683,0.834,0.903,0.971,3,0.924,0,72.5,0
CUST_07,CUST_07_SITE_3,2025-07,5165.66,0.646,0.84,0.847,0.971,1,0.908,0,64.3,0
CUST_07,CUST_07_SITE_3,2025-08,5305.78,0.635,0.816,0.8,0.99,0,0.958,0,67.1,0
CUST_07,CUST_07_SITE_3,2025-09,5505.21,0.673,0.876,0.866,0.983,3,0.979,0,65.4,0
CUST_07,CUST_07_SITE_3,2025-10,5236.2,0.67,0.82,0.915,0.975,1,0.968,0,68.7,0
CUST_07,CUST_07_SITE_3,2025-11,5135.56,0.683,0.803,0.944,0.982,1,0.97,0,68.6,0
CUST_07,CUST_07_SITE_3,2025-12,5443.55,0.682,0.828,0.733,0.983,2,0.945,0,71.1,0
CUST_07,CUST_07_SITE_3,2026-01,5154.09,0.626,0.856,0.758,0.97,0,0.918,0,72.1,0
CUST_07,CUST_07_SITE_4,2025-01,6632.5,0.871,0.79,0.785,0.953,1,0.922,0,58.9,0
CUST_07,CUST_07_SITE_4,2025-02,6730.86,0.835,0.773,0.906,0.99,1,0.958,1,57.2,0
CUST_07,CUST_07_SITE_4,2025-03,6366.74,0.789,0.771,0.713,0.96,2,0.977,0,59.2,0
CUST_07,CUST_07_SITE_4,2025-04,6438.41,0.829,0.771,0.708,0.977,2,0.966,0,48.8,0
CUST_07,CUST_07_SITE_4,2025-05,6044.93,0.794,0.766,0.763,0.948,2,0.948,0,47.3,0
CUST_07,CUST_07_SITE_4,2025-06,5690.74,0.826,0.738,0.836,0.943,5,0.889,0,46.2,0
CUST_07,CUST_07_SITE_4,2025-07,5709.82,0.767,0.69,0.712,0.981,3,0.876,2,44.9,0
CUST_07,CUST_07_SITE_4,2025-08,5254.11,0.722,0.651,0.862,0.957,3,0.877,2,42.9,0
CUST_07,CUST_07_SITE_4,2025-09,5640.12,0.723,0.703,0.796,0.951,3,0.896,2,36.1,0
CUST_07,CUST_07_SITE_4,2025-10,5147.08,0.726,0.652,0.625,0.972,3,0.869,3,33.8,1
CUST_07,CUST_07_SITE_4,2025-11,4589.83,0.701,0.696,0.796,0.93,2,0.863,1,28.1,0
CUST_07,CUST_07_SITE_4,2025-12,5108.3,0.671,0.641,0.777,0.947,2,0.924,5,24.2,1
CUST_07,CUST_07_SITE_4,2026-01,4735.38,0.664,0.623,0.602,0.94,4,0.878,1,31.5,1
CUST_07,CUST_07_SITE_5,2025-01,2593.12,0.569,0.839,0.783,0.955,1,0.927,0,37.3,0
CUST_07,CUST_07_SITE_5,2025-02,2200.6,0.551,0.848,0.731,0.981,0,0.906,0,32.9,0
CUST_07,CUST_07_SITE_5,2025-03,2445.33,0.601,0.851,0.742,0.992,0,0.946,0,33.3,0
CUST_07,CUST_07_SITE_5,2025-04,2376.25,0.579,0.819,0.794,0.969,1,0.962,0,31.5,0
CUST_07,CUST_07_SITE_5,2025-05,2306.64,0.557,0.868,0.885,0.982,0,0.949,0,34.6,0
CUST_07,CUST_07_SITE_5,2025-06,2364.99,0.56,0.829,0.768,0.997,1,0.904,0,34.3,0
CUST_07,CUST_07_SITE_5,2025-07,2329.58,0.551,0.831,0.945,0.969,1,0.956,0,35.4,0
CUST_07,CUST_07_SITE_5,2025-08,2333.04,0.568,0.844,0.902,0.953,0,0.928,0,37.2,0
CUST_07,CUST_07_SITE_5,2025-09,2128.74,0.601,0.845,0.904,0.969,0,0.918,0,31.3,0
CUST_07,CUST_07_SITE_5,2025-10,2252.86,0.554,0.863,0.874,0.968,1,0.942,0,39.6,0
CUST_07,CUST_07_SITE_5,2025-11,2304.19,0.585,0.865,0.706,0.984,0,0.905,0,31.2,0
CUST_07,CUST_07_SITE_5,2025-12,2129.96,0.587,0.824,0.737,0.965,0,0.982,0,34.0,0
CUST_07,CUST_07_SITE_5,2026-01,2407.71,0.571,0.831,0.932,0.958,1,0.967,0,32.4,0
CUST_07,CUST_07_SITE_6,2025-01,5060.59,0.824,0.824,0.938,0.986,2,0.923,0,50.3,0
CUST_07,CUST_07_SITE_6,2025-02,4973.52,0.85,0.845,0.806,0.967,2,0.932,0,47.3,0
CUST_07,CUST_07_SITE_6,2025-03,5308.67,0.871,0.852,0.785,0.971,1,0.971,0,48.5,0
CUST_07,CUST_07_SITE_6,2025-04,5311.99,0.865,0.854,0.911,0.969,0,0.936,0,48.6,0
CUST_07,CUST_07_SITE_6,2025-05,5169.2,0.893,0.824,0.859,0.959,2,0.926,0,50.6,0
CUST_07,CUST_07_SITE_6,2025-06,5256.76,0.887,0.821,0.924,0.976,1,0.94,0,39.0,0
CUST_07,CUST_07_SITE_6,2025-07,5227.53,0.847,0.858,0.838,0.958,2,0.969,0,48.1,0
CUST_07,CUST_07_SITE_6,2025-08,5292.08,0.862,0.863,0.717,0.994,0,0.93,0,42.7,0
CUST_07,CUST_07_SITE_6,2025-09,5355.89,0.878,0.827,0.914,0.967,1,0.97,0,39.6,0
CUST_07,CUST_07_SITE_6,2025-10,5214.27,0.861,0.814,0.877,0.976,1,0.919,0,46.0,0
CUST_07,CUST_07_SITE_6,2025-11,5261.47,0.849,0.861,0.867,0.971,3,0.923,0,47.3,0
CUST_07,CUST_07_SITE_6,2025-12,5206.65,0.84,0.888,0.85,0.958,1,0.987,0,50.5,0
CUST_07,CUST_07_SITE_6,2026-01,5351.2,0.858,0.849,0.748,0.983,2,0.948,0,51.1,0
CUST_07,CUST_07_SITE_7,2025-01,3981.28,0.691,0.734,0.769,0.977,0,0.984,0,66.1,0
CUST_07,CUST_07_SITE_7,2025-02,4007.58,0.724,0.773,0.709,0.973,0,0.983,0,57.7,0
CUST_07,CUST_07_SITE_7,2025-03,4012.51,0.702,0.747,0.721,0.998,1,0.921,0,65.4,0
CUST_07,CUST_07_SITE_7,2025-04,3465.78,0.695,0.74,0.749,0.975,1,0.952,0,62.2,0
CUST_07,CUST_07_SITE_7,2025-05,4242.16,0.703,0.739,0.71,0.972,1,0.93,0,55.5,0
CUST_07,CUST_07_SITE_7,2025-06,3870.93,0.701,0.734,0.892,0.997,3,0.926,0,59.5,0
CUST_07,CUST_07_SITE_7,2025-07,3860.92,0.751,0.782,0.77,0.966,1,0.944,0,59.9,0
CUST_07,CUST_07_SITE_7,2025-08,4047.61,0.723,0.717,0.786,0.992,1,0.909,0,61.2,0
CUST_07,CUST_07_SITE_7,2025-09,4280.66,0.675,0.754,0.933,0.978,0,0.952,0,58.6,0
CUST_07,CUST_07_SITE_7,2025-10,3906.41,0.736,0.756,0.925,0.981,0,0.928,0,62.8,0
CUST_07,CUST_07_SITE_7,2025-11,4159.39,0.73,0.731,0.889,0.973,0,0.955,0,58.5,0
CUST_07,CUST_07_SITE_7,2025-12,3988.06,0.703,0.726,0.946,0.96,0,0.918,0,59.9,0
CUST_07,CUST_07_SITE_7,2026-01,3925.18,0.737,0.742,0.709,0.972,2,0.948,0,60.4,0
CUST_08,CUST_08_SITE_1,2025-01,4361.24,0.84,0.745,0.769,0.966,3,0.972,0,66.2,0
CUST_08,CUST_08_SITE_1,2025-02,4193.21,0.817,0.691,0.768,0.996,3,0.968,0,61.9,0
CUST_08,CUST_08_SITE_1,2025-03,4071.37,0.803,0.731,0.782,0.975,2,0.897,0,59.4,0
CUST_08,CUST_08_SITE_1,2025-04,3748.96,0.78,0.673,0.689,0.971,1,0.941,1,54.2,0
CUST_08,CUST_08_SITE_1,2025-05,3748.01,0.798,0.679,0.84,0.972,0,0.916,1,56.8,0
CUST_08,CUST_08_SITE_1,2025-06,3965.12,0.749,0.683,0.858,0.98,2,0.966,1,59.2,0
CUST_08,CUST_08_SITE_1,2025-07,3666.58,0.754,0.66,0.754,0.978,3,0.962,1,49.5,0
CUST_08,CUST_08_SITE_1,2025-08,3799.7,0.713,0.627,0.674,0.947,3,0.901,3,47.5,0
CUST_08,CUST_08_SITE_1,2025-09,3824.95,0.692,0.639,0.704,0.939,0,0.869,1,45.2,0
CUST_08,CUST_08_SITE_1,2025-10,3823.89,0.668,0.613,0.821,0.928,5,0.942,2,44.1,1
CUST_08,CUST_08_SITE_1,2025-11,2644.35,0.677,0.613,0.687,0.939,2,0.91,0,38.5,0
CUST_08,CUST_08_SITE_1,2025-12,3096.64,0.625,0.562,0.687,0.927,6,0.927,1,39.5,1
CUST_08,CUST_08_SITE_1,2026-01,2965.39,0.632,0.577,0.773,0.956,5,0.938,3,31.8,1
CUST_08,CUST_08_SITE_2,2025-01,5520.05,0.766,0.821,0.787,0.971,2,0.952,0,66.1,0
CUST_08,CUST_08_SITE_2,2025-02,5477.37,0.767,0.814,0.826,0.963,0,0.958,0,67.4,0
CUST_08,CUST_08_SITE_2,2025-03,4681.83,0.79,0.83,0.916,0.957,2,0.965,0,70.9,0
CUST_08,CUST_08_SITE_2,2025-04,5111.3,0.773,0.784,0.917,0.962,2,0.931,0,66.8,0
CUST_08,CUST_08_SITE_2,2025-05,4885.22,0.766,0.868,0.768,0.986,0,0.904,0,70.3,0
CUST_08,CUST_08_SITE_2,2025-06,4948.03,0.754,0.827,0.78,0.959,0,0.988,0,63.5,0
CUST_08,CUST_08_SITE_2,2025-07,4998.54,0.736,0.835,0.76,0.983,2,0.961,0,69.7,0
CUST_08,CUST_08_SITE_2,2025-08,5291.74,0.765,0.812,0.91,0.951,2,0.912,0,71.6,0
CUST_08,CUST_08_SITE_2,2025-09,5149.42,0.756,0.845,0.731,0.964,0,0.919,0,76.1,0
CUST_08,CUST_08_SITE_2,2025-10,5592.68,0.764,0.817,0.798,0.998,2,0.906,0,65.8,0
CUST_08,CUST_08_SITE_2,2025-11,5035.29,0.76,0.859,0.915,0.991,0,0.962,0,69.6,0
CUST_08,CUST_08_SITE_2,2025-12,5183.44,0.775,0.794,0.873,0.988,0,0.973,0,66.8,0
CUST_08,CUST_08_SITE_2,2026-01,5169.58,0.742,0.847,0.947,0.961,3,0.968,0,72.8,0
CUST_08,CUST_08_SITE_3,2025-01,5443.65,0.629,0.825,0.713,0.961,1,0.916,0,43.5,0
CUST_08,CUST_08_SITE_3,2025-02,5002.37,0.611,0.814,0.733,0.995,2,0.97,0,31.7,0
CUST_08,CUST_08_SITE_3,2025-03,5527.9,0.623,0.825,0.909,0.978,1,0.948,0,34.2,0
CUST_08,CUST_08_SITE_3,2025-04,5428.95,0.603,0.816,0.773,0.977,0,0.962,0,34.3,0
CUST_08,CUST_08_SITE_3,2025-05,5309.53,0.619,0.82,0.817,0.955,3,0.907,0,39.9,0
CUST_08,CUST_08_SITE_3,2025-06,5288.12,0.602,0.805,0.936,0.98,2,0.966,0,32.4,0
CUST_08,CUST_08_SITE_3,2025-07,5577.54,0.583,0.801,0.933,0.951,5,0.974,0,33.8,0
CUST_08,CUST_08_SITE_3,2025-08,5675.69,0.636,0.826,0.946,0.995,1,0.933,0,34.1,0
CUST_08,CUST_08_SITE_3,2025-09,5517.79,0.627,0.805,0.807,0.973,2,0.947,0,36.5,0
CUST_08,CUST_08_SITE_3,2025-10,5339.44,0.565,0.846,0.866,0.985,0,0.928,0,33.4,0
CUST_08,CUST_08_SITE_3,2025-11,5479.69,0.593,0.821,0.917,0.994,1,0.907,0,35.2,0
CUST_08,CUST_08_SITE_3,2025-12,5608.77,0.62,0.809,0.91,0.993,0,0.95,0,32.1,0
CUST_08,CUST_08_SITE_3,2026-01,5367.11,0.633,0.831,0.723,0.987,1,0.917,0,30.6,0
CUST_08,CUST_08_SITE_4,2025-01,3124.64,0.511,0.836,0.787,0.979,0,0.902,0,65.0,0
CUST_08,CUST_08_SITE_4,2025-02,3254.91,0.551,0.878,0.869,0.96,0,0.911,0,63.6,0
CUST_08,CUST_08_SITE_4,2025-03,3182.11,0.507,0.824,0.726,0.99,1,0.97,0,63.4,0
CUST_08,CUST_08_SITE_4,2025-04,3274.65,0.533,0.838,0.86,0.965,1,0.952,0,64.3,0
CUST_08,CUST_08_SITE_4,2025-05,3209.59,0.506,0.836,0.824,0.995,0,0.913,0,60.1,0
CUST_08,CUST_08_SITE_4,2025-06,3106.27,0.555,0.822,0.739,0.983,2,0.94,0,64.0,0
CUST_08,CUST_08_SITE_4,2025-07,3151.32,0.522,0.826,0.789,0.978,0,0.982,0,58.9,0
CUST_08,CUST_08_SITE_4,2025-08,3204.92,0.517,0.853,0.927,0.958,3,0.927,0,59.8,0
CUST_08,CUST_08_SITE_4,2025-09,2987.67,0.504,0.843,0.899,0.957,0,0.958,0,59.3,0
CUST_08,CUST_08_SITE_4,2025-10,3007.95,0.544,0.857,0.869,0.983,1,0.904,0,68.2,0
CUST_08,CUST_08_SITE_4,2025-11,3300.02,0.521,0.871,0.948,0.958,4,0.922,0,62.8,0
CUST_08,CUST_08_SITE_4,2025-12,3069.11,0.526,0.849,0.796,0.981,1,0.928,0,62.3,0
CUST_08,CUST_08_SITE_4,2026-01,3179.53,0.534,0.845,0.767,0.995,2,0.965,0,61.8,0
CUST_08,CUST_08_SITE_5,2025-01,2308.58,0.626,0.889,0.727,0.951,1,0.974,0,22.5,0
CUST_08,CUST_08_SITE_5,2025-02,2285.0,0.609,0.873,0.726,0.995,1,0.923,0,24.8,0
CUST_08,CUST_08_SITE_5,2025-03,2222.08,0.605,0.817,0.769,0.993,2,0.98,1,21.6,0
CUST_08,CUST_08_SITE_5,2025-04,2047.97,0.58,0.819,0.886,0.964,2,0.92,1,22.2,0
CUST_08,CUST_08_SITE_5,2025-05,2061.01,0.54,0.807,0.871,0.961,4,0.94,0,17.8,1
CUST_08,CUST_08_SITE_5,2025-06,1750.98,0.553,0.777,0.785,0.945,5,0.88,0,18.3,1
CUST_08,CUST_08_SITE_5,2025-07,1609.18,0.596,0.777,0.756,0.97,2,0.948,1,12.3,1
CUST_08,CUST_08_SITE_5,2025-08,1917.18,0.507,0.763,0.706,0.975,3,0.927,2,13.4,1
CUST_08,CUST_08_SITE_5,2025-09,2288.76,0.505,0.792,0.78,0.954,2,0.949,2,6.1,1
CUST_08,CUST_08_SITE_5,2025-10,1821.45,0.543,0.738,0.65,0.958,3,0.899,3,2.0,1
CUST_08,CUST_08_SITE_5,2025-11,1379.58,0.503,0.713,0.858,0.934,7,0.888,2,2.9,1
CUST_08,CUST_08_SITE_5,2025-12,1751.84,0.489,0.706,0.679,0.943,1,0.933,2,-2.4,1
CUST_08,CUST_08_SITE_5,2026-01,1459.29,0.456,0.715,0.754,0.922,5,0.935,4,-4.2,1
CUST_08,CUST_08_SITE_6,2025-01,2606.43,0.882,0.908,0.712,0.957,1,0.958,0,59.5,0
CUST_08,CUST_08_SITE_6,2025-02,2532.03,0.869,0.91,0.906,0.951,1,0.945,0,61.1,0
CUST_08,CUST_08_SITE_6,2025-03,2566.62,0.865,0.938,0.821,0.957,1,0.979,0,59.6,0
CUST_08,CUST_08_SITE_6,2025-04,2307.69,0.882,0.907,0.718,0.981,0,0.972,0,61.2,0
CUST_08,CUST_08_SITE_6,2025-05,1904.57,0.877,0.895,0.837,0.977,0,0.938,0,60.7,0
CUST_08,CUST_08_SITE_6,2025-06,2641.44,0.867,0.914,0.725,0.981,0,0.971,0,57.6,0
CUST_08,CUST_08_SITE_6,2025-07,2656.72,0.849,0.922,0.918,0.956,2,0.938,0,56.7,0
CUST_08,CUST_08_SITE_6,2025-08,2623.86,0.858,0.898,0.827,0.99,3,0.935,0,60.4,0
CUST_08,CUST_08_SITE_6,2025-09,2519.65,0.899,0.884,0.912,0.991,1,0.944,0,50.0,0
CUST_08,CUST_08_SITE_6,2025-10,2223.44,0.883,0.905,0.784,0.955,0,0.985,0,63.9,0
CUST_08,CUST_08_SITE_6,2025-11,2347.6,0.864,0.869,0.709,0.966,1,0.932,0,58.4,0
CUST_08,CUST_08_SITE_6,2025-12,2625.9,0.873,0.878,0.761,0.972,1,0.964,0,57.4,0
CUST_08,CUST_08_SITE_6,2026-01,2513.11,0.868,0.893,0.841,0.96,1,0.977,0,63.0,0
CUST_09,CUST_09_SITE_1,2025-01,7214.73,0.637,0.864,0.749,0.996,1,0.983,0,35.9,0
CUST_09,CUST_09_SITE_1,2025-02,6723.66,0.631,0.888,0.939,0.96,1,0.906,0,37.3,0
CUST_09,CUST_09_SITE_1,2025-03,6894.18,0.637,0.839,0.755,0.963,2,0.893,0,29.6,0
CUST_09,CUST_09_SITE_1,2025-04,6840.03,0.588,0.866,0.792,0.96,0,0.966,1,30.1,0
CUST_09,CUST_09_SITE_1,2025-05,5996.79,0.625,0.841,0.812,0.966,0,0.889,0,26.4,0
CUST_09,CUST_09_SITE_1,2025-06,6205.15,0.566,0.813,0.734,0.95,1,0.923,0,24.3,0
CUST_09,CUST_09_SITE_1,2025-07,6052.58,0.544,0.807,0.782,0.963,1,0.904,1,24.7,0
CUST_09,CUST_09_SITE_1,2025-08,5841.99,0.544,0.813,0.837,0.978,2,0.947,0,22.6,0
CUST_09,CUST_09_SITE_1,2025-09,5837.31,0.499,0.796,0.796,0.934,3,0.871,1,15.4,1
CUST_09,CUST_09_SITE_1,2025-10,5278.25,0.469,0.782,0.663,0.945,3,0.88,1,15.3,1
CUST_09,CUST_09_SITE_1,2025-11,5255.57,0.48,0.782,0.845,0.952,4,0.936,2,5.4,1
CUST_09,CUST_09_SITE_1,2025-12,5586.38,0.464,0.755,0.65,0.962,3,0.885,0,12.7,1
CUST_09,CUST_09_SITE_1,2026-01,5291.78,0.397,0.761,0.809,0.931,2,0.938,3,9.3,1
CUST_09,CUST_09_SITE_2,2025-01,4259.5,0.779,0.762,0.791,0.991,0,0.974,0,68.8,0
CUST_09,CUST_09_SITE_2,2025-02,4124.18,0.763,0.769,0.842,0.993,2,0.913,0,68.4,0
CUST_09,CUST_09_SITE_2,2025-03,3923.0,0.753,0.804,0.92,0.967,0,0.965,0,65.2,0
CUST_09,CUST_09_SITE_2,2025-04,4025.16,0.742,0.773,0.894,0.969,1,0.933,0,57.9,0
CUST_09,CUST_09_SITE_2,2025-05,4094.09,0.758,0.795,0.868,0.963,0,0.984,0,59.8,0
CUST_09,CUST_09_SITE_2,2025-06,3931.36,0.788,0.783,0.855,0.975,1,0.907,0,66.6,0
CUST_09,CUST_09_SITE_2,2025-07,3642.9,0.707,0.794,0.827,0.962,1,0.917,0,71.8,0
CUST_09,CUST_09_SITE_2,2025-08,3459.27,0.749,0.802,0.863,0.99,1,0.925,0,62.6,0
CUST_09,CUST_09_SITE_2,2025-09,3829.82,0.761,0.776,0.842,0.995,2,0.985,0,66.5,0
CUST_09,CUST_09_SITE_2,2025-10,3723.56,0.759,0.756,0.817,0.972,1,0.915,0,65.8,0
CUST_09,CUST_09_SITE_2,2025-11,4076.01,0.756,0.763,0.934,0.995,0,0.904,0,70.2,0
CUST_09,CUST_09_SITE_2,2025-12,3964.59,0.766,0.802,0.707,0.962,1,0.95,0,73.6,0
CUST_09,CUST_09_SITE_2,2026-01,3643.64,0.775,0.771,0.803,0.987,2,0.945,0,66.8,0
CUST_09,CUST_09_SITE_3,2025-01,4045.51,0.671,0.89,0.828,0.996,0,0.932,0,50.8,0
CUST_09,CUST_09_SITE_3,2025-02,3816.72,0.681,0.895,0.788,0.992,3,0.901,0,47.7,0
CUST_09,CUST_09_SITE_3,2025-03,3542.54,0.639,0.901,0.864,0.991,3,0.941,0,44.5,0
CUST_09,CUST_09_SITE_3,2025-04,3695.79,0.605,0.896,0.917,0.966,0,0.937,2,53.7,0
CUST_09,CUST_09_SITE_3,2025-05,3704.86,0.604,0.873,0.768,0.942,1,0.945,1,40.6,0
CUST_09,CUST_09_SITE_3,2025-06,3326.66,0.594,0.872,0.82,0.985,3,0.927,0,43.2,0
CUST_09,CUST_09_SITE_3,2025-07,3284.48,0.627,0.838,0.888,0.954,3,0.912,0,35.0,0
CUST_09,CUST_09_SITE_3,2025-08,3229.65,0.558,0.841,0.692,0.936,1,0.878,5,34.7,1
CUST_09,CUST_09_SITE_3,2025-09,3285.85,0.551,0.815,0.692,0.971,3,0.886,1,38.5,0
CUST_09,CUST_09_SITE_3,2025-10,3289.09,0.518,0.82,0.857,0.928,1,0.923,3,32.1,0
CUST_09,CUST_09_SITE_3,2025-11,2975.04,0.474,0.792,0.742,0.932,4,0.927,2,26.7,1
CUST_09,CUST_09_SITE_3,2025-12,2730.23,0.47,0.783,0.647,0.94,5,0.861,1,22.9,1
CUST_09,CUST_09_SITE_3,2026-01,2876.04,0.481,0.748,0.742,0.963,4,0.892,0,20.0,1
CUST_09,CUST_09_SITE_4,2025-01,3233.51,0.829,0.802,0.763,0.995,1,0.954,0,34.0,0
CUST_09,CUST_09_SITE_4,2025-02,3378.34,0.806,0.793,0.732,0.976,1,0.978,0,35.3,0
CUST_09,CUST_09_SITE_4,2025-03,2991.51,0.832,0.797,0.793,0.975,1,0.937,0,37.0,0
CUST_09,CUST_09_SITE_4,2025-04,3733.5,0.795,0.805,0.902,0.984,2,0.912,0,36.3,0
CUST_09,CUST_09_SITE_4,2025-05,3207.94,0.858,0.786,0.927,0.979,0,0.94,0,38.7,0
CUST_09,CUST_09_SITE_4,2025-06,3296.55,0.829,0.833,0.767,0.97,4,0.978,0,35.0,0
CUST_09,CUST_09_SITE_4,2025-07,2953.22,0.805,0.804,0.763,0.966,0,0.927,0,30.6,0
CUST_09,CUST_09_SITE_4,2025-08,2820.97,0.857,0.839,0.923,0.987,0,0.967,0,32.7,0
CUST_09,CUST_09_SITE_4,2025-09,3364.79,0.805,0.787,0.839,0.976,1,0.978,0,37.3,0
CUST_09,CUST_09_SITE_4,2025-10,3369.01,0.794,0.826,0.718,0.989,0,0.961,0,28.8,0
CUST_09,CUST_09_SITE_4,2025-11,3201.77,0.843,0.83,0.789,0.99,0,0.951,0,38.8,0
CUST_09,CUST_09_SITE_4,2025-12,3008.99,0.844,0.806,0.904,0.996,1,0.981,0,29.5,0
CUST_09,CUST_09_SITE_4,2026-01,3104.64,0.81,0.831,0.914,0.97,0,0.939,0,36.7,0
CUST_10,CUST_10_SITE_1,2025-01,5827.75,0.862,0.923,0.914,0.973,0,0.901,0,56.3,0
CUST_10,CUST_10_SITE_1,2025-02,5320.19,0.849,0.947,0.744,0.994,1,0.969,0,60.2,0
CUST_10,CUST_10_SITE_1,2025-03,5662.83,0.879,0.931,0.921,0.971,3,0.947,0,59.3,0
CUST_10,CUST_10_SITE_1,2025-04,5305.4,0.861,0.908,0.85,0.979,0,0.988,0,57.1,0
CUST_10,CUST_10_SITE_1,2025-05,5992.62,0.887,0.97,0.766,0.964,2,0.954,0,58.6,0
CUST_10,CUST_10_SITE_1,2025-06,5461.97,0.862,0.901,0.807,0.977,1,0.936,0,58.1,0
CUST_10,CUST_10_SITE_1,2025-07,5586.62,0.877,0.888,0.731,0.955,1,0.923,0,54.5,0
CUST_10,CUST_10_SITE_1,2025-08,5919.39,0.878,0.934,0.897,0.99,3,0.909,0,50.7,0
CUST_10,CUST_10_SITE_1,2025-09,5579.14,0.846,0.923,0.714,0.976,3,0.984,0,61.5,0
CUST_10,CUST_10_SITE_1,2025-10,5698.39,0.871,0.901,0.941,0.964,1,0.929,0,57.4,0
CUST_10,CUST_10_SITE_1,2025-11,5511.48,0.866,0.905,0.868,0.964,1,0.965,0,56.6,0
CUST_10,CUST_10_SITE_1,2025-12,5567.64,0.888,0.941,0.777,0.975,1,0.939,0,55.9,0
CUST_10,CUST_10_SITE_1,2026-01,5857.4,0.836,0.905,0.827,0.986,2,0.92,0,58.0,0
CUST_10,CUST_10_SITE_2,2025-01,7008.51,0.804,0.749,0.807,0.986,0,0.93,0,28.0,0
CUST_10,CUST_10_SITE_2,2025-02,7019.26,0.773,0.745,0.868,0.949,0,0.903,0,23.5,0
CUST_10,CUST_10_SITE_2,2025-03,6862.81,0.817,0.736,0.803,0.986,2,0.902,1,31.4,0
CUST_10,CUST_10_SITE_2,2025-04,7094.79,0.772,0.728,0.866,0.98,1,0.96,0,25.5,0
CUST_10,CUST_10_SITE_2,2025-05,6266.21,0.79,0.724,0.799,0.945,2,0.96,1,23.5,0
CUST_10,CUST_10_SITE_2,2025-06,6099.06,0.773,0.716,0.874,0.97,1,0.884,1,14.6,0
CUST_10,CUST_10_SITE_2,2025-07,5758.81,0.749,0.668,0.798,0.961,0,0.882,0,18.2,0
CUST_10,CUST_10_SITE_2,2025-08,5837.01,0.724,0.691,0.802,0.953,2,0.9,4,12.3,1
CUST_10,CUST_10_SITE_2,2025-09,5601.97,0.688,0.661,0.794,0.972,1,0.901,1,7.8,1
CUST_10,CUST_10_SITE_2,2025-10,5629.45,0.717,0.628,0.706,0.951,1,0.935,3,11.5,1
CUST_10,CUST_10_SITE_2,2025-11,5256.02,0.669,0.629,0.731,0.96,4,0.92,1,7.7,1
CUST_10,CUST_10_SITE_2,2025-12,5017.74,0.659,0.652,0.614,0.924,3,0.921,3,4.9,1
CUST_10,CUST_10_SITE_2,2026-01,5101.28,0.619,0.624,0.714,0.962,6,0.852,1,-4.0,1
CUST_10,CUST_10_SITE_3,2025-01,6023.71,0.832,0.864,0.816,0.994,1,0.936,0,26.0,0
CUST_10,CUST_10_SITE_3,2025-02,6063.27,0.813,0.889,0.858,0.972,0,0.935,0,21.6,0
CUST_10,CUST_10_SITE_3,2025-03,6157.57,0.812,0.892,0.705,0.998,0,0.973,0,26.8,0
CUST_10,CUST_10_SITE_3,2025-04,6168.2,0.834,0.879,0.774,0.952,1,0.925,0,19.8,0
CUST_10,CUST_10_SITE_3,2025-05,6455.17,0.812,0.887,0.777,0.966,2,0.987,0,26.6,0
CUST_10,CUST_10_SITE_3,2025-06,6099.89,0.775,0.906,0.942,0.985,0,0.909,0,33.0,0
CUST_10,CUST_10_SITE_3,2025-07,5954.79,0.824,0.885,0.782,0.951,1,0.97,0,29.8,0
CUST_10,CUST_10_SITE_3,2025-08,6429.65,0.813,0.883,0.891,0.953,1,0.968,0,27.2,0
CUST_10,CUST_10_SITE_3,2025-09,6151.81,0.831,0.93,0.701,0.995,0,0.989,0,27.3,0
CUST_10,CUST_10_SITE_3,2025-10,6301.55,0.829,0.891,0.843,0.952,2,0.946,0,33.1,0
CUST_10,CUST_10_SITE_3,2025-11,6084.52,0.804,0.875,0.77,0.99,1,0.929,0,28.9,0
CUST_10,CUST_10_SITE_3,2025-12,5944.47,0.834,0.894,0.916,0.974,1,0.956,0,27.2,0
CUST_10,CUST_10_SITE_3,2026-01,6204.76,0.803,0.909,0.904,0.967,1,0.909,0,26.0,0
CUST_10,CUST_10_SITE_4,2025-01,7740.26,0.721,0.763,0.744,0.957,0,0.982,0,34.0,0
CUST_10,CUST_10_SITE_4,2025-02,7831.23,0.752,0.828,0.922,0.963,0,0.942,0,41.7,0
CUST_10,CUST_10_SITE_4,2025-03,7952.23,0.743,0.832,0.721,0.995,0,0.944,0,40.9,0
CUST_10,CUST_10_SITE_4,2025-04,8079.28,0.754,0.827,0.926,0.993,0,0.977,0,39.5,0
CUST_10,CUST_10_SITE_4,2025-05,7717.04,0.765,0.815,0.943,0.971,2,0.977,0,39.1,0
CUST_10,CUST_10_SITE_4,2025-06,8216.31,0.791,0.829,0.718,0.987,0,0.98,0,34.1,0
CUST_10,CUST_10_SITE_4,2025-07,7575.59,0.754,0.797,0.888,0.997,1,0.954,0,41.4,0
CUST_10,CUST_10_SITE_4,2025-08,7951.31,0.772,0.813,0.834,0.958,0,0.94,0,37.8,0
CUST_10,CUST_10_SITE_4,2025-09,7505.32,0.794,0.801,0.904,0.97,0,0.967,0,43.1,0
CUST_10,CUST_10_SITE_4,2025-10,7373.73,0.723,0.798,0.891,0.999,1,0.909,0,45.6,0
CUST_10,CUST_10_SITE_4,2025-11,7786.27,0.782,0.82,0.932,0.997,1,0.987,0,40.7,0
CUST_10,CUST_10_SITE_4,2025-12,7627.04,0.763,0.836,0.924,0.982,0,0.987,0,45.2,0
CUST_10,CUST_10_SITE_4,2026-01,7874.18,0.785,0.796,0.867,0.954,0,0.964,0,35.5,0
CUST_10,CUST_10_SITE_5,2025-01,4692.96,0.666,0.754,0.758,0.98,1,0.973,0,40.9,0
CUST_10,CUST_10_SITE_5,2025-02,4920.79,0.669,0.719,0.836,0.975,0,0.901,0,38.9,0
CUST_10,CUST_10_SITE_5,2025-03,4894.02,0.628,0.694,0.715,0.951,3,0.95,0,31.5,0
CUST_10,CUST_10_SITE_5,2025-04,4558.89,0.6,0.711,0.851,0.954,2,0.905,1,32.1,0
CUST_10,CUST_10_SITE_5,2025-05,4401.71,0.618,0.694,0.796,0.955,1,0.907,0,30.2,0
CUST_10,CUST_10_SITE_5,2025-06,4006.89,0.563,0.698,0.784,0.976,3,0.96,0,33.0,0
CUST_10,CUST_10_SITE_5,2025-07,4408.56,0.543,0.691,0.835,0.975,1,0.937,0,33.3,0
CUST_10,CUST_10_SITE_5,2025-08,3820.97,0.552,0.66,0.788,0.958,2,0.879,1,14.7,1
CUST_10,CUST_10_SITE_5,2025-09,3518.13,0.531,0.654,0.708,0.939,2,0.884,1,23.3,1
CUST_10,CUST_10_SITE_5,2025-10,4041.83,0.563,0.632,0.679,0.936,5,0.866,5,21.5,1
CUST_10,CUST_10_SITE_5,2025-11,3753.97,0.507,0.62,0.665,0.969,3,0.884,5,16.0,1
CUST_10,CUST_10_SITE_5,2025-12,3752.1,0.481,0.607,0.783,0.937,2,0.907,2,15.6,1
CUST_10,CUST_10_SITE_5,2026-01,3372.2,0.461,0.58,0.779,0.932,8,0.869,4,12.7,1
CUST_10,CUST_10_SITE_6,2025-01,4812.41,0.905,0.772,0.746,0.961,2,0.944,0,62.6,0
CUST_10,CUST_10_SITE_6,2025-02,5158.93,0.849,0.785,0.781,0.985,4,0.925,0,61.7,0
CUST_10,CUST_10_SITE_6,2025-03,4989.79,0.912,0.754,0.909,0.957,1,0.903,0,55.2,0
CUST_10,CUST_10_SITE_6,2025-04,5136.62,0.879,0.758,0.919,0.988,1,0.987,0,62.1,0
CUST_10,CUST_10_SITE_6,2025-05,4723.02,0.884,0.772,0.726,0.978,2,0.923,0,61.4,0
CUST_10,CUST_10_SITE_6,2025-06,5133.16,0.928,0.777,0.905,0.951,1,0.926,0,55.2,0
CUST_10,CUST_10_SITE_6,2025-07,4713.64,0.867,0.759,0.883,0.955,3,0.937,0,61.9,0
CUST_10,CUST_10_SITE_6,2025-08,5499.14,0.884,0.754,0.88,0.983,1,0.934,0,63.8,0
CUST_10,CUST_10_SITE_6,2025-09,5158.51,0.878,0.747,0.936,0.952,4,0.921,0,66.0,0
CUST_10,CUST_10_SITE_6,2025-10,4858.54,0.91,0.779,0.778,0.995,5,0.927,0,57.9,0
CUST_10,CUST_10_SITE_6,2025-11,4925.41,0.888,0.76,0.932,0.997,0,0.961,0,60.1,0
CUST_10,CUST_10_SITE_6,2025-12,5088.65,0.88,0.795,0.793,0.957,1,0.952,0,56.3,0
CUST_10,CUST_10_SITE_6,2026-01,5044.98,0.877,0.788,0.944,0.952,0,0.919,0,60.0,0
CUST_10,CUST_10_SITE_7,2025-01,6569.44,0.775,0.74,0.747,0.955,1,0.976,0,45.7,0
CUST_10,CUST_10_SITE_7,2025-02,6684.5,0.766,0.709,0.868,0.952,2,0.969,0,40.7,0
CUST_10,CUST_10_SITE_7,2025-03,6430.94,0.737,0.745,0.831,0.964,0,0.984,0,44.2,0
CUST_10,CUST_10_SITE_7,2025-04,6595.13,0.732,0.763,0.825,0.963,0,0.956,0,45.3,0
CUST_10,CUST_10_SITE_7,2025-05,6642.52,0.79,0.717,0.921,0.979,0,0.942,0,45.5,0
CUST_10,CUST_10_SITE_7,2025-06,6716.63,0.736,0.766,0.899,0.967,0,0.943,0,45.9,0
CUST_10,CUST_10_SITE_7,2025-07,6399.62,0.719,0.742,0.714,0.957,1,0.958,0,39.3,0
CUST_10,CUST_10_SITE_7,2025-08,6510.74,0.744,0.745,0.714,0.971,1,0.973,0,44.5,0
CUST_10,CUST_10_SITE_7,2025-09,6222.1,0.733,0.733,0.829,0.986,1,0.961,0,47.3,0
CUST_10,CUST_10_SITE_7,2025-10,6590.93,0.749,0.718,0.703,0.995,0,0.94,0,44.0,0
CUST_10,CUST_10_SITE_7,2025-11,7077.49,0.772,0.735,0.851,0.977,0,0.907,0,44.4,0
CUST_10,CUST_10_SITE_7,2025-12,6672.81,0.759,0.759,0.91,0.982,0,0.942,0,44.6,0
CUST_10,CUST_10_SITE_7,2026-01,6448.78,0.772,0.744,0.887,0.971,2,0.957,0,48.2,0
